{
    "model_A_instruct": {
        "L1_Norm": 42707030.96937227,
        "L2_Norm_Energy": 2106.842688475374
    },
    "model_B_thinking": {
        "L1_Norm": 51325332.02707338,
        "L2_Norm_Energy": 2258.077181831841
    },
    "delta_diff": {
        "L1_Norm": 14861134.325544834,
        "L2_Norm_Energy": 504.5746424246108
    },
    "relative_change_vs_instruct_model": {
        "relative_L1_change": "34.7979%",
        "relative_L2_change": "23.9493%"
    }
}