{
    "model_A_instruct": {
        "L1_Norm": 51802870.24932575,
        "L2_Norm_Energy": 2264.9486766829186
    },
    "model_B_thinking": {
        "L1_Norm": 51325332.02707338,
        "L2_Norm_Energy": 2258.077181831841
    },
    "delta_diff": {
        "L1_Norm": 8826854.020053387,
        "L2_Norm_Energy": 285.34660995267484
    },
    "relative_change_vs_instruct_model": {
        "relative_L1_change": "17.0393%",
        "relative_L2_change": "12.5984%"
    }
}