{
    "model_A": {
        "L1_Norm": 79306821.71218872,
        "L2_Norm_Energy_Sqrt": 1660.7110556349992
    },
    "model_B": {
        "L1_Norm": 78163071.69983673,
        "L2_Norm_Energy_Sqrt": 1640.4505614155564
    },
    "delta_diff": {
        "L1_Norm": 14691099.122806072,
        "L2_Norm_Energy_Sqrt": 286.14310699742225
    },
    "relative_change_vs_model_A": {
        "relative_L1_change": "18.5244%",
        "relative_L2_change": "17.2302%"
    }
}